Group.1,Group.2,Experiment
10,0,FBgn0000042 inheritance
26,3,FBgn0000042 inheritance
69,16,FBgn0000042 inheritance
34,3,FBgn0000042 inheritance
43,8,FBgn0000042 inheritance
39,21,FBgn0000042 inheritance
37,4,FBgn0000042 inheritance
30,4,FBgn0000042 inheritance
56,6,FBgn0000042 inheritance
24,1,FBgn0000042 inheritance
31,12,FBgn0000042 inheritance
48,11,FBgn0000042 inheritance
112,6,FBgn0000042 inheritance
36,0,FBgn0000042 inheritance
57,4,FBgn0000042 inheritance
20,3,FBgn0000042 inheritance
73,41,FBgn0000042 inheritance
41,6,FBgn0000042 inheritance
99,19,FBgn0000042 inheritance
121,0,FBgn0000042 inheritance
40,9,FBgn0000042 inheritance
49,7,FBgn0000042 inheritance
40,0,FBgn0000042 inheritance
29,8,FBgn0000042 inheritance
122,6,FBgn0000042 inheritance
90,34,FBgn0000042 inheritance
62,9,FBgn0000042 inheritance
46,4,FBgn0000042 inheritance
75,3,FBgn0000042 inheritance
77,5,FBgn0000042 inheritance
114,5,FBgn0000042 inheritance
91,6,FBgn0000042 inheritance
38,7,FBgn0000042 inheritance
42,7,FBgn0000042 inheritance
81,8,FBgn0000042 inheritance
81,12,FBgn0000042 inheritance
73,7,FBgn0000042 inheritance
92,3,FBgn0000042 inheritance
121,5,FBgn0000042 inheritance
89,13,FBgn0000042 inheritance
0,8,FBgn0000042 Gresistance
0,18,FBgn0000042 Gresistance
2,40,FBgn0000042 Gresistance
2,20,FBgn0000042 Gresistance
0,22,FBgn0000042 Gresistance
6,18,FBgn0000042 Gresistance
2,25,FBgn0000042 Gresistance
1,15,FBgn0000042 Gresistance
0,30,FBgn0000042 Gresistance
1,11,FBgn0000042 Gresistance
6,15,FBgn0000042 Gresistance
1,26,FBgn0000042 Gresistance
1,57,FBgn0000042 Gresistance
0,18,FBgn0000042 Gresistance
2,32,FBgn0000042 Gresistance
1,12,FBgn0000042 Gresistance
21,35,FBgn0000042 Gresistance
4,26,FBgn0000042 Gresistance
8,51,FBgn0000042 Gresistance
0,58,FBgn0000042 Gresistance
1,25,FBgn0000042 Gresistance
4,26,FBgn0000042 Gresistance
0,23,FBgn0000042 Gresistance
4,18,FBgn0000042 Gresistance
0,69,FBgn0000042 Gresistance
17,44,FBgn0000042 Gresistance
3,35,FBgn0000042 Gresistance
3,25,FBgn0000042 Gresistance
3,43,FBgn0000042 Gresistance
3,39,FBgn0000042 Gresistance
4,69,FBgn0000042 Gresistance
3,37,FBgn0000042 Gresistance
3,21,FBgn0000042 Gresistance
4,20,FBgn0000042 Gresistance
5,43,FBgn0000042 Gresistance
2,40,FBgn0000042 Gresistance
1,30,FBgn0000042 Gresistance
0,44,FBgn0000042 Gresistance
2,60,FBgn0000042 Gresistance
3,47,FBgn0000042 Gresistance
0,0,FBgn0000042 embryo
3,1,FBgn0000042 embryo
10,2,FBgn0000042 embryo
5,0,FBgn0000042 embryo
9,0,FBgn0000042 embryo
7,3,FBgn0000042 embryo
6,1,FBgn0000042 embryo
4,2,FBgn0000042 embryo
15,0,FBgn0000042 embryo
7,0,FBgn0000042 embryo
11,0,FBgn0000042 embryo
15,0,FBgn0000042 embryo
20,5,FBgn0000042 embryo
7,0,FBgn0000042 embryo
9,0,FBgn0000042 embryo
1,2,FBgn0000042 embryo
27,0,FBgn0000042 embryo
9,0,FBgn0000042 embryo
17,2,FBgn0000042 embryo
33,1,FBgn0000042 embryo
8,1,FBgn0000042 embryo
11,0,FBgn0000042 embryo
10,1,FBgn0000042 embryo
4,0,FBgn0000042 embryo
24,2,FBgn0000042 embryo
13,3,FBgn0000042 embryo
10,0,FBgn0000042 embryo
9,1,FBgn0000042 embryo
12,2,FBgn0000042 embryo
9,3,FBgn0000042 embryo
18,5,FBgn0000042 embryo
17,7,FBgn0000042 embryo
5,1,FBgn0000042 embryo
14,0,FBgn0000042 embryo
18,5,FBgn0000042 embryo
19,1,FBgn0000042 embryo
14,5,FBgn0000042 embryo
20,5,FBgn0000042 embryo
22,5,FBgn0000042 embryo
12,4,FBgn0000042 embryo
69,7,FBgn0003943 inheritance
58,4,FBgn0003943 inheritance
64,11,FBgn0003943 inheritance
95,15,FBgn0003943 inheritance
59,8,FBgn0003943 inheritance
89,6,FBgn0003943 inheritance
24,2,FBgn0003943 inheritance
113,17,FBgn0003943 inheritance
93,7,FBgn0003943 inheritance
61,14,FBgn0003943 inheritance
89,20,FBgn0003943 inheritance
96,12,FBgn0003943 inheritance
60,30,FBgn0003943 inheritance
60,10,FBgn0003943 inheritance
102,14,FBgn0003943 inheritance
70,20,FBgn0003943 inheritance
81,20,FBgn0003943 inheritance
39,10,FBgn0003943 inheritance
119,9,FBgn0003943 inheritance
48,15,FBgn0003943 inheritance
95,13,FBgn0003943 inheritance
97,14,FBgn0003943 inheritance
91,11,FBgn0003943 inheritance
100,19,FBgn0003943 inheritance
2,45,FBgn0003943 Gresistance
1,32,FBgn0003943 Gresistance
5,33,FBgn0003943 Gresistance
3,44,FBgn0003943 Gresistance
2,33,FBgn0003943 Gresistance
2,42,FBgn0003943 Gresistance
2,12,FBgn0003943 Gresistance
2,65,FBgn0003943 Gresistance
4,51,FBgn0003943 Gresistance
5,35,FBgn0003943 Gresistance
9,58,FBgn0003943 Gresistance
3,50,FBgn0003943 Gresistance
16,30,FBgn0003943 Gresistance
2,35,FBgn0003943 Gresistance
2,55,FBgn0003943 Gresistance
12,45,FBgn0003943 Gresistance
1,32,FBgn0003943 Gresistance
7,12,FBgn0003943 Gresistance
6,64,FBgn0003943 Gresistance
7,32,FBgn0003943 Gresistance
3,56,FBgn0003943 Gresistance
7,46,FBgn0003943 Gresistance
4,49,FBgn0003943 Gresistance
7,55,FBgn0003943 Gresistance
11,1,FBgn0003943 embryo
12,1,FBgn0003943 embryo
14,1,FBgn0003943 embryo
18,1,FBgn0003943 embryo
12,2,FBgn0003943 embryo
21,2,FBgn0003943 embryo
7,0,FBgn0003943 embryo
21,2,FBgn0003943 embryo
20,2,FBgn0003943 embryo
15,1,FBgn0003943 embryo
18,0,FBgn0003943 embryo
18,2,FBgn0003943 embryo
9,1,FBgn0003943 embryo
15,0,FBgn0003943 embryo
19,2,FBgn0003943 embryo
8,0,FBgn0003943 embryo
16,3,FBgn0003943 embryo
11,1,FBgn0003943 embryo
26,2,FBgn0003943 embryo
5,0,FBgn0003943 embryo
17,2,FBgn0003943 embryo
16,1,FBgn0003943 embryo
10,4,FBgn0003943 embryo
20,3,FBgn0003943 embryo
16,5,FBgn0004400_1 inheritance
47,10,FBgn0004400_1 inheritance
67,18,FBgn0004400_1 inheritance
81,24,FBgn0004400_1 inheritance
60,19,FBgn0004400_1 inheritance
106,18,FBgn0004400_1 inheritance
91,10,FBgn0004400_1 inheritance
73,13,FBgn0004400_1 inheritance
65,19,FBgn0004400_1 inheritance
41,5,FBgn0004400_1 inheritance
65,3,FBgn0004400_1 inheritance
59,9,FBgn0004400_1 inheritance
73,19,FBgn0004400_1 inheritance
80,9,FBgn0004400_1 inheritance
53,6,FBgn0004400_1 inheritance
102,12,FBgn0004400_1 inheritance
68,18,FBgn0004400_1 inheritance
67,13,FBgn0004400_1 inheritance
71,11,FBgn0004400_1 inheritance
89,11,FBgn0004400_1 inheritance
2,9,FBgn0004400_1 Gresistance
4,24,FBgn0004400_1 Gresistance
9,37,FBgn0004400_1 Gresistance
13,46,FBgn0004400_1 Gresistance
9,27,FBgn0004400_1 Gresistance
10,57,FBgn0004400_1 Gresistance
3,51,FBgn0004400_1 Gresistance
9,33,FBgn0004400_1 Gresistance
10,31,FBgn0004400_1 Gresistance
1,18,FBgn0004400_1 Gresistance
2,30,FBgn0004400_1 Gresistance
2,31,FBgn0004400_1 Gresistance
6,38,FBgn0004400_1 Gresistance
5,49,FBgn0004400_1 Gresistance
1,27,FBgn0004400_1 Gresistance
4,57,FBgn0004400_1 Gresistance
7,46,FBgn0004400_1 Gresistance
11,36,FBgn0004400_1 Gresistance
6,34,FBgn0004400_1 Gresistance
5,48,FBgn0004400_1 Gresistance
1,0,FBgn0004400_1 embryo
11,2,FBgn0004400_1 embryo
8,5,FBgn0004400_1 embryo
13,7,FBgn0004400_1 embryo
10,3,FBgn0004400_1 embryo
28,2,FBgn0004400_1 embryo
14,6,FBgn0004400_1 embryo
17,6,FBgn0004400_1 embryo
13,5,FBgn0004400_1 embryo
8,5,FBgn0004400_1 embryo
14,7,FBgn0004400_1 embryo
11,3,FBgn0004400_1 embryo
12,5,FBgn0004400_1 embryo
12,5,FBgn0004400_1 embryo
6,6,FBgn0004400_1 embryo
15,9,FBgn0004400_1 embryo
6,4,FBgn0004400_1 embryo
13,5,FBgn0004400_1 embryo
11,6,FBgn0004400_1 embryo
14,5,FBgn0004400_1 embryo
50,10,FBgn0004400_2 inheritance
80,6,FBgn0004400_2 inheritance
61,15,FBgn0004400_2 inheritance
64,4,FBgn0004400_2 inheritance
78,13,FBgn0004400_2 inheritance
71,12,FBgn0004400_2 inheritance
97,22,FBgn0004400_2 inheritance
78,21,FBgn0004400_2 inheritance
64,14,FBgn0004400_2 inheritance
62,8,FBgn0004400_2 inheritance
67,26,FBgn0004400_2 inheritance
97,7,FBgn0004400_2 inheritance
81,11,FBgn0004400_2 inheritance
80,13,FBgn0004400_2 inheritance
61,33,FBgn0004400_2 inheritance
84,17,FBgn0004400_2 inheritance
93,5,FBgn0004400_2 inheritance
75,10,FBgn0004400_2 inheritance
6,31,FBgn0004400_2 Gresistance
3,41,FBgn0004400_2 Gresistance
12,39,FBgn0004400_2 Gresistance
2,34,FBgn0004400_2 Gresistance
6,42,FBgn0004400_2 Gresistance
5,39,FBgn0004400_2 Gresistance
5,47,FBgn0004400_2 Gresistance
10,41,FBgn0004400_2 Gresistance
5,38,FBgn0004400_2 Gresistance
4,42,FBgn0004400_2 Gresistance
14,33,FBgn0004400_2 Gresistance
4,45,FBgn0004400_2 Gresistance
7,53,FBgn0004400_2 Gresistance
6,44,FBgn0004400_2 Gresistance
17,36,FBgn0004400_2 Gresistance
5,56,FBgn0004400_2 Gresistance
2,51,FBgn0004400_2 Gresistance
5,43,FBgn0004400_2 Gresistance
10,1,FBgn0004400_2 embryo
19,4,FBgn0004400_2 embryo
10,3,FBgn0004400_2 embryo
11,8,FBgn0004400_2 embryo
18,3,FBgn0004400_2 embryo
15,5,FBgn0004400_2 embryo
26,7,FBgn0004400_2 embryo
9,9,FBgn0004400_2 embryo
7,2,FBgn0004400_2 embryo
5,3,FBgn0004400_2 embryo
12,6,FBgn0004400_2 embryo
22,6,FBgn0004400_2 embryo
12,5,FBgn0004400_2 embryo
11,9,FBgn0004400_2 embryo
12,2,FBgn0004400_2 embryo
14,7,FBgn0004400_2 embryo
24,4,FBgn0004400_2 embryo
12,5,FBgn0004400_2 embryo
53,7,FBgn0004400_3 inheritance
49,18,FBgn0004400_3 inheritance
44,9,FBgn0004400_3 inheritance
51,9,FBgn0004400_3 inheritance
48,13,FBgn0004400_3 inheritance
39,10,FBgn0004400_3 inheritance
58,14,FBgn0004400_3 inheritance
54,11,FBgn0004400_3 inheritance
55,10,FBgn0004400_3 inheritance
53,5,FBgn0004400_3 inheritance
43,8,FBgn0004400_3 inheritance
67,14,FBgn0004400_3 inheritance
42,17,FBgn0004400_3 inheritance
75,17,FBgn0004400_3 inheritance
33,8,FBgn0004400_3 inheritance
45,3,FBgn0004400_3 inheritance
46,13,FBgn0004400_3 inheritance
35,11,FBgn0004400_3 inheritance
38,19,FBgn0004400_3 inheritance
43,17,FBgn0004400_3 inheritance
40,4,FBgn0004400_3 inheritance
14,1,FBgn0004400_3 inheritance
32,9,FBgn0004400_3 inheritance
39,4,FBgn0004400_3 inheritance
33,4,FBgn0004400_3 inheritance
4,31,FBgn0004400_3 Gresistance
8,30,FBgn0004400_3 Gresistance
4,27,FBgn0004400_3 Gresistance
4,26,FBgn0004400_3 Gresistance
5,23,FBgn0004400_3 Gresistance
5,17,FBgn0004400_3 Gresistance
7,33,FBgn0004400_3 Gresistance
5,26,FBgn0004400_3 Gresistance
4,31,FBgn0004400_3 Gresistance
3,23,FBgn0004400_3 Gresistance
5,27,FBgn0004400_3 Gresistance
3,40,FBgn0004400_3 Gresistance
5,22,FBgn0004400_3 Gresistance
8,36,FBgn0004400_3 Gresistance
3,20,FBgn0004400_3 Gresistance
1,25,FBgn0004400_3 Gresistance
5,27,FBgn0004400_3 Gresistance
8,26,FBgn0004400_3 Gresistance
4,18,FBgn0004400_3 Gresistance
6,26,FBgn0004400_3 Gresistance
3,25,FBgn0004400_3 Gresistance
0,6,FBgn0004400_3 Gresistance
2,17,FBgn0004400_3 Gresistance
0,28,FBgn0004400_3 Gresistance
2,17,FBgn0004400_3 Gresistance
11,2,FBgn0004400_3 embryo
7,3,FBgn0004400_3 embryo
9,6,FBgn0004400_3 embryo
9,3,FBgn0004400_3 embryo
11,4,FBgn0004400_3 embryo
10,6,FBgn0004400_3 embryo
6,6,FBgn0004400_3 embryo
12,3,FBgn0004400_3 embryo
12,2,FBgn0004400_3 embryo
11,6,FBgn0004400_3 embryo
6,3,FBgn0004400_3 embryo
13,7,FBgn0004400_3 embryo
6,3,FBgn0004400_3 embryo
12,9,FBgn0004400_3 embryo
4,1,FBgn0004400_3 embryo
5,3,FBgn0004400_3 embryo
8,3,FBgn0004400_3 embryo
3,2,FBgn0004400_3 embryo
9,0,FBgn0004400_3 embryo
7,1,FBgn0004400_3 embryo
6,0,FBgn0004400_3 embryo
3,0,FBgn0004400_3 embryo
4,3,FBgn0004400_3 embryo
6,1,FBgn0004400_3 embryo
4,2,FBgn0004400_3 embryo
88,22,FBgn0004650 inheritance
81,18,FBgn0004650 inheritance
42,3,FBgn0004650 inheritance
37,5,FBgn0004650 inheritance
40,2,FBgn0004650 inheritance
40,7,FBgn0004650 inheritance
38,12,FBgn0004650 inheritance
20,5,FBgn0004650 inheritance
29,10,FBgn0004650 inheritance
30,3,FBgn0004650 inheritance
28,7,FBgn0004650 inheritance
36,13,FBgn0004650 inheritance
71,18,FBgn0004650 inheritance
69,5,FBgn0004650 inheritance
27,4,FBgn0004650 inheritance
72,19,FBgn0004650 inheritance
39,8,FBgn0004650 inheritance
10,54,FBgn0004650 Gresistance
7,47,FBgn0004650 Gresistance
1,19,FBgn0004650 Gresistance
1,18,FBgn0004650 Gresistance
1,24,FBgn0004650 Gresistance
4,26,FBgn0004650 Gresistance
6,20,FBgn0004650 Gresistance
2,10,FBgn0004650 Gresistance
6,14,FBgn0004650 Gresistance
0,16,FBgn0004650 Gresistance
1,17,FBgn0004650 Gresistance
3,19,FBgn0004650 Gresistance
9,40,FBgn0004650 Gresistance
4,39,FBgn0004650 Gresistance
3,15,FBgn0004650 Gresistance
8,41,FBgn0004650 Gresistance
4,21,FBgn0004650 Gresistance
14,2,FBgn0004650 embryo
15,3,FBgn0004650 embryo
13,1,FBgn0004650 embryo
8,1,FBgn0004650 embryo
8,1,FBgn0004650 embryo
7,1,FBgn0004650 embryo
8,0,FBgn0004650 embryo
7,0,FBgn0004650 embryo
6,2,FBgn0004650 embryo
8,1,FBgn0004650 embryo
4,1,FBgn0004650 embryo
9,0,FBgn0004650 embryo
8,2,FBgn0004650 embryo
15,2,FBgn0004650 embryo
4,1,FBgn0004650 embryo
11,4,FBgn0004650 embryo
3,0,FBgn0004650 embryo
68,19,FBgn0005390 inheritance
53,28,FBgn0005390 inheritance
78,22,FBgn0005390 inheritance
37,15,FBgn0005390 inheritance
59,20,FBgn0005390 inheritance
75,36,FBgn0005390 inheritance
47,24,FBgn0005390 inheritance
57,17,FBgn0005390 inheritance
68,24,FBgn0005390 inheritance
62,22,FBgn0005390 inheritance
55,26,FBgn0005390 inheritance
43,19,FBgn0005390 inheritance
47,16,FBgn0005390 inheritance
66,16,FBgn0005390 inheritance
42,22,FBgn0005390 inheritance
54,27,FBgn0005390 inheritance
46,24,FBgn0005390 inheritance
33,15,FBgn0005390 inheritance
41,6,FBgn0005390 inheritance
4,37,FBgn0005390 Gresistance
19,28,FBgn0005390 Gresistance
9,43,FBgn0005390 Gresistance
4,25,FBgn0005390 Gresistance
10,33,FBgn0005390 Gresistance
22,40,FBgn0005390 Gresistance
12,24,FBgn0005390 Gresistance
11,31,FBgn0005390 Gresistance
8,38,FBgn0005390 Gresistance
9,41,FBgn0005390 Gresistance
4,36,FBgn0005390 Gresistance
9,25,FBgn0005390 Gresistance
11,27,FBgn0005390 Gresistance
7,29,FBgn0005390 Gresistance
7,20,FBgn0005390 Gresistance
13,27,FBgn0005390 Gresistance
12,22,FBgn0005390 Gresistance
9,19,FBgn0005390 Gresistance
5,18,FBgn0005390 Gresistance
12,1,FBgn0005390 embryo
11,6,FBgn0005390 embryo
9,7,FBgn0005390 embryo
4,2,FBgn0005390 embryo
14,4,FBgn0005390 embryo
16,4,FBgn0005390 embryo
10,5,FBgn0005390 embryo
10,5,FBgn0005390 embryo
8,4,FBgn0005390 embryo
13,0,FBgn0005390 embryo
3,16,FBgn0005390 embryo
9,0,FBgn0005390 embryo
10,2,FBgn0005390 embryo
11,6,FBgn0005390 embryo
8,3,FBgn0005390 embryo
7,5,FBgn0005390 embryo
11,3,FBgn0005390 embryo
6,2,FBgn0005390 embryo
7,1,FBgn0005390 embryo
33,0,FBgn0028852 inheritance
66,15,FBgn0028852 inheritance
94,10,FBgn0028852 inheritance
84,22,FBgn0028852 inheritance
85,20,FBgn0028852 inheritance
47,2,FBgn0028852 inheritance
63,4,FBgn0028852 inheritance
60,18,FBgn0028852 inheritance
40,8,FBgn0028852 inheritance
74,18,FBgn0028852 inheritance
111,17,FBgn0028852 inheritance
73,23,FBgn0028852 inheritance
62,20,FBgn0028852 inheritance
98,28,FBgn0028852 inheritance
102,6,FBgn0028852 inheritance
20,1,FBgn0028852 inheritance
60,19,FBgn0028852 inheritance
87,18,FBgn0028852 inheritance
50,15,FBgn0028852 inheritance
106,18,FBgn0028852 inheritance
80,16,FBgn0028852 inheritance
67,11,FBgn0028852 inheritance
48,6,FBgn0028852 inheritance
56,12,FBgn0028852 inheritance
25,12,FBgn0028852 inheritance
88,10,FBgn0028852 inheritance
73,14,FBgn0028852 inheritance
93,9,FBgn0028852 inheritance
104,28,FBgn0028852 inheritance
101,23,FBgn0028852 inheritance
28,2,FBgn0028852 inheritance
0,18,FBgn0028852 Gresistance
6,34,FBgn0028852 Gresistance
8,47,FBgn0028852 Gresistance
8,48,FBgn0028852 Gresistance
12,46,FBgn0028852 Gresistance
1,29,FBgn0028852 Gresistance
1,36,FBgn0028852 Gresistance
4,40,FBgn0028852 Gresistance
3,17,FBgn0028852 Gresistance
4,38,FBgn0028852 Gresistance
7,65,FBgn0028852 Gresistance
8,37,FBgn0028852 Gresistance
6,33,FBgn0028852 Gresistance
10,49,FBgn0028852 Gresistance
3,51,FBgn0028852 Gresistance
1,11,FBgn0028852 Gresistance
6,35,FBgn0028852 Gresistance
10,48,FBgn0028852 Gresistance
4,15,FBgn0028852 Gresistance
8,55,FBgn0028852 Gresistance
7,40,FBgn0028852 Gresistance
7,28,FBgn0028852 Gresistance
3,19,FBgn0028852 Gresistance
5,26,FBgn0028852 Gresistance
3,16,FBgn0028852 Gresistance
4,52,FBgn0028852 Gresistance
7,31,FBgn0028852 Gresistance
4,57,FBgn0028852 Gresistance
12,60,FBgn0028852 Gresistance
12,57,FBgn0028852 Gresistance
0,20,FBgn0028852 Gresistance
1,4,FBgn0028852 embryo
11,9,FBgn0028852 embryo
13,14,FBgn0028852 embryo
10,11,FBgn0028852 embryo
9,13,FBgn0028852 embryo
6,4,FBgn0028852 embryo
2,11,FBgn0028852 embryo
4,5,FBgn0028852 embryo
8,6,FBgn0028852 embryo
7,12,FBgn0028852 embryo
12,11,FBgn0028852 embryo
9,10,FBgn0028852 embryo
7,12,FBgn0028852 embryo
7,24,FBgn0028852 embryo
10,16,FBgn0028852 embryo
1,3,FBgn0028852 embryo
3,8,FBgn0028852 embryo
13,10,FBgn0028852 embryo
5,14,FBgn0028852 embryo
15,6,FBgn0028852 embryo
5,15,FBgn0028852 embryo
4,16,FBgn0028852 embryo
5,10,FBgn0028852 embryo
3,6,FBgn0028852 embryo
0,3,FBgn0028852 embryo
11,10,FBgn0028852 embryo
7,15,FBgn0028852 embryo
7,5,FBgn0028852 embryo
7,17,FBgn0028852 embryo
8,12,FBgn0028852 embryo
1,5,FBgn0028852 embryo
63,35,FBgn0030647 inheritance
14,6,FBgn0030647 inheritance
35,5,FBgn0030647 inheritance
19,6,FBgn0030647 inheritance
1,0,FBgn0030647 inheritance
59,27,FBgn0030647 inheritance
52,21,FBgn0030647 inheritance
63,18,FBgn0030647 inheritance
47,17,FBgn0030647 inheritance
51,9,FBgn0030647 inheritance
41,9,FBgn0030647 inheritance
53,13,FBgn0030647 inheritance
32,6,FBgn0030647 inheritance
16,6,FBgn0030647 inheritance
17,10,FBgn0030647 inheritance
94,8,FBgn0030647 inheritance
43,12,FBgn0030647 inheritance
62,20,FBgn0030647 inheritance
17,3,FBgn0030647 inheritance
26,16,FBgn0030647 inheritance
25,4,FBgn0030647 inheritance
63,39,FBgn0030647 inheritance
44,14,FBgn0030647 inheritance
51,18,FBgn0030647 inheritance
8,35,FBgn0030647 Gresistance
0,11,FBgn0030647 Gresistance
0,21,FBgn0030647 Gresistance
0,11,FBgn0030647 Gresistance
0,0,FBgn0030647 Gresistance
2,34,FBgn0030647 Gresistance
8,16,FBgn0030647 Gresistance
5,32,FBgn0030647 Gresistance
3,28,FBgn0030647 Gresistance
1,23,FBgn0030647 Gresistance
4,18,FBgn0030647 Gresistance
2,29,FBgn0030647 Gresistance
0,18,FBgn0030647 Gresistance
2,10,FBgn0030647 Gresistance
2,12,FBgn0030647 Gresistance
2,76,FBgn0030647 Gresistance
3,20,FBgn0030647 Gresistance
4,31,FBgn0030647 Gresistance
0,11,FBgn0030647 Gresistance
4,20,FBgn0030647 Gresistance
0,17,FBgn0030647 Gresistance
8,46,FBgn0030647 Gresistance
1,29,FBgn0030647 Gresistance
2,26,FBgn0030647 Gresistance
0,24,FBgn0030647 embryo
0,5,FBgn0030647 embryo
1,5,FBgn0030647 embryo
0,2,FBgn0030647 embryo
0,1,FBgn0030647 embryo
0,15,FBgn0030647 embryo
0,20,FBgn0030647 embryo
0,18,FBgn0030647 embryo
0,14,FBgn0030647 embryo
0,10,FBgn0030647 embryo
0,9,FBgn0030647 embryo
0,13,FBgn0030647 embryo
0,5,FBgn0030647 embryo
0,5,FBgn0030647 embryo
0,4,FBgn0030647 embryo
0,6,FBgn0030647 embryo
0,8,FBgn0030647 embryo
0,18,FBgn0030647 embryo
0,5,FBgn0030647 embryo
0,5,FBgn0030647 embryo
0,2,FBgn0030647 embryo
0,13,FBgn0030647 embryo
0,10,FBgn0030647 embryo
0,12,FBgn0030647 embryo
58,34,FBgn0030667 inheritance
61,32,FBgn0030667 inheritance
37,36,FBgn0030667 inheritance
73,34,FBgn0030667 inheritance
46,37,FBgn0030667 inheritance
48,40,FBgn0030667 inheritance
90,45,FBgn0030667 inheritance
82,63,FBgn0030667 inheritance
61,42,FBgn0030667 inheritance
53,15,FBgn0030667 inheritance
39,21,FBgn0030667 inheritance
83,30,FBgn0030667 inheritance
46,36,FBgn0030667 inheritance
88,40,FBgn0030667 inheritance
37,23,FBgn0030667 inheritance
74,41,FBgn0030667 inheritance
49,35,FBgn0030667 inheritance
43,30,FBgn0030667 inheritance
25,16,FBgn0030667 inheritance
82,52,FBgn0030667 inheritance
68,44,FBgn0030667 inheritance
55,33,FBgn0030667 inheritance
52,22,FBgn0030667 inheritance
58,43,FBgn0030667 inheritance
51,24,FBgn0030667 inheritance
70,41,FBgn0030667 inheritance
88,41,FBgn0030667 inheritance
49,42,FBgn0030667 inheritance
35,20,FBgn0030667 inheritance
76,43,FBgn0030667 inheritance
37,37,FBgn0030667 inheritance
51,38,FBgn0030667 inheritance
57,59,FBgn0030667 inheritance
41,28,FBgn0030667 inheritance
48,32,FBgn0030667 inheritance
3,37,FBgn0030667 Gresistance
3,38,FBgn0030667 Gresistance
6,31,FBgn0030667 Gresistance
11,41,FBgn0030667 Gresistance
8,32,FBgn0030667 Gresistance
5,31,FBgn0030667 Gresistance
3,67,FBgn0030667 Gresistance
4,63,FBgn0030667 Gresistance
2,48,FBgn0030667 Gresistance
1,30,FBgn0030667 Gresistance
2,33,FBgn0030667 Gresistance
5,51,FBgn0030667 Gresistance
4,37,FBgn0030667 Gresistance
5,57,FBgn0030667 Gresistance
1,28,FBgn0030667 Gresistance
1,50,FBgn0030667 Gresistance
0,39,FBgn0030667 Gresistance
0,36,FBgn0030667 Gresistance
1,15,FBgn0030667 Gresistance
2,64,FBgn0030667 Gresistance
0,50,FBgn0030667 Gresistance
3,45,FBgn0030667 Gresistance
4,40,FBgn0030667 Gresistance
1,49,FBgn0030667 Gresistance
5,26,FBgn0030667 Gresistance
3,49,FBgn0030667 Gresistance
2,54,FBgn0030667 Gresistance
2,52,FBgn0030667 Gresistance
3,24,FBgn0030667 Gresistance
2,53,FBgn0030667 Gresistance
3,30,FBgn0030667 Gresistance
3,35,FBgn0030667 Gresistance
5,40,FBgn0030667 Gresistance
3,30,FBgn0030667 Gresistance
8,24,FBgn0030667 Gresistance
66,14,FBgn0031074 inheritance
46,14,FBgn0031074 inheritance
82,27,FBgn0031074 inheritance
59,7,FBgn0031074 inheritance
42,9,FBgn0031074 inheritance
53,19,FBgn0031074 inheritance
77,15,FBgn0031074 inheritance
61,8,FBgn0031074 inheritance
92,24,FBgn0031074 inheritance
70,14,FBgn0031074 inheritance
40,10,FBgn0031074 inheritance
18,5,FBgn0031074 inheritance
104,24,FBgn0031074 inheritance
11,1,FBgn0031074 inheritance
20,6,FBgn0031074 inheritance
77,29,FBgn0031074 inheritance
74,18,FBgn0031074 inheritance
23,3,FBgn0031074 inheritance
60,10,FBgn0031074 inheritance
48,13,FBgn0031074 inheritance
53,9,FBgn0031074 inheritance
55,10,FBgn0031074 inheritance
57,12,FBgn0031074 inheritance
10,3,FBgn0031074 inheritance
51,15,FBgn0031074 inheritance
28,2,FBgn0031074 inheritance
27,4,FBgn0031074 inheritance
73,12,FBgn0031074 inheritance
34,10,FBgn0031074 inheritance
77,24,FBgn0031074 inheritance
27,5,FBgn0031074 inheritance
72,11,FBgn0031074 inheritance
74,20,FBgn0031074 inheritance
3,35,FBgn0031074 Gresistance
7,25,FBgn0031074 Gresistance
11,39,FBgn0031074 Gresistance
3,30,FBgn0031074 Gresistance
3,21,FBgn0031074 Gresistance
6,27,FBgn0031074 Gresistance
2,23,FBgn0031074 Gresistance
2,30,FBgn0031074 Gresistance
12,45,FBgn0031074 Gresistance
7,29,FBgn0031074 Gresistance
1,23,FBgn0031074 Gresistance
1,3,FBgn0031074 Gresistance
3,45,FBgn0031074 Gresistance
0,5,FBgn0031074 Gresistance
2,8,FBgn0031074 Gresistance
9,43,FBgn0031074 Gresistance
7,25,FBgn0031074 Gresistance
1,7,FBgn0031074 Gresistance
2,37,FBgn0031074 Gresistance
7,25,FBgn0031074 Gresistance
1,26,FBgn0031074 Gresistance
5,28,FBgn0031074 Gresistance
2,21,FBgn0031074 Gresistance
0,4,FBgn0031074 Gresistance
7,25,FBgn0031074 Gresistance
2,14,FBgn0031074 Gresistance
2,12,FBgn0031074 Gresistance
3,45,FBgn0031074 Gresistance
3,14,FBgn0031074 Gresistance
10,34,FBgn0031074 Gresistance
1,14,FBgn0031074 Gresistance
6,41,FBgn0031074 Gresistance
7,43,FBgn0031074 Gresistance
0,13,FBgn0031074 embryo
1,9,FBgn0031074 embryo
0,28,FBgn0031074 embryo
0,11,FBgn0031074 embryo
0,14,FBgn0031074 embryo
0,14,FBgn0031074 embryo
0,35,FBgn0031074 embryo
0,20,FBgn0031074 embryo
0,28,FBgn0031074 embryo
0,19,FBgn0031074 embryo
0,11,FBgn0031074 embryo
0,8,FBgn0031074 embryo
0,32,FBgn0031074 embryo
1,2,FBgn0031074 embryo
0,9,FBgn0031074 embryo
0,22,FBgn0031074 embryo
0,26,FBgn0031074 embryo
0,7,FBgn0031074 embryo
0,11,FBgn0031074 embryo
0,12,FBgn0031074 embryo
0,16,FBgn0031074 embryo
0,17,FBgn0031074 embryo
0,18,FBgn0031074 embryo
0,3,FBgn0031074 embryo
0,10,FBgn0031074 embryo
1,3,FBgn0031074 embryo
0,10,FBgn0031074 embryo
0,13,FBgn0031074 embryo
0,8,FBgn0031074 embryo
0,22,FBgn0031074 embryo
1,6,FBgn0031074 embryo
0,13,FBgn0031074 embryo
0,17,FBgn0031074 embryo
40,8,FBgn0031620 inheritance
79,10,FBgn0031620 inheritance
63,11,FBgn0031620 inheritance
49,9,FBgn0031620 inheritance
40,9,FBgn0031620 inheritance
66,10,FBgn0031620 inheritance
71,3,FBgn0031620 inheritance
38,7,FBgn0031620 inheritance
89,24,FBgn0031620 inheritance
33,6,FBgn0031620 inheritance
19,5,FBgn0031620 inheritance
73,8,FBgn0031620 inheritance
94,35,FBgn0031620 inheritance
97,21,FBgn0031620 inheritance
76,22,FBgn0031620 inheritance
30,9,FBgn0031620 inheritance
43,6,FBgn0031620 inheritance
80,25,FBgn0031620 inheritance
89,18,FBgn0031620 inheritance
80,12,FBgn0031620 inheritance
18,2,FBgn0031620 inheritance
38,1,FBgn0031620 inheritance
60,11,FBgn0031620 inheritance
71,20,FBgn0031620 inheritance
115,13,FBgn0031620 inheritance
81,18,FBgn0031620 inheritance
72,11,FBgn0031620 inheritance
78,10,FBgn0031620 inheritance
42,7,FBgn0031620 inheritance
39,2,FBgn0031620 inheritance
1,20,FBgn0031620 Gresistance
5,38,FBgn0031620 Gresistance
6,31,FBgn0031620 Gresistance
6,25,FBgn0031620 Gresistance
2,21,FBgn0031620 Gresistance
5,33,FBgn0031620 Gresistance
1,33,FBgn0031620 Gresistance
0,16,FBgn0031620 Gresistance
12,41,FBgn0031620 Gresistance
3,15,FBgn0031620 Gresistance
1,10,FBgn0031620 Gresistance
4,44,FBgn0031620 Gresistance
11,54,FBgn0031620 Gresistance
9,53,FBgn0031620 Gresistance
9,41,FBgn0031620 Gresistance
5,12,FBgn0031620 Gresistance
1,20,FBgn0031620 Gresistance
13,35,FBgn0031620 Gresistance
9,49,FBgn0031620 Gresistance
4,45,FBgn0031620 Gresistance
0,3,FBgn0031620 Gresistance
1,12,FBgn0031620 Gresistance
5,28,FBgn0031620 Gresistance
7,38,FBgn0031620 Gresistance
5,50,FBgn0031620 Gresistance
9,45,FBgn0031620 Gresistance
4,34,FBgn0031620 Gresistance
5,41,FBgn0031620 Gresistance
1,18,FBgn0031620 Gresistance
2,10,FBgn0031620 Gresistance
3,6,FBgn0031620 embryo
9,16,FBgn0031620 embryo
8,8,FBgn0031620 embryo
2,6,FBgn0031620 embryo
1,6,FBgn0031620 embryo
11,9,FBgn0031620 embryo
7,9,FBgn0031620 embryo
7,4,FBgn0031620 embryo
11,11,FBgn0031620 embryo
6,6,FBgn0031620 embryo
1,0,FBgn0031620 embryo
7,10,FBgn0031620 embryo
8,14,FBgn0031620 embryo
11,8,FBgn0031620 embryo
8,3,FBgn0031620 embryo
5,2,FBgn0031620 embryo
4,7,FBgn0031620 embryo
9,10,FBgn0031620 embryo
9,11,FBgn0031620 embryo
4,5,FBgn0031620 embryo
2,5,FBgn0031620 embryo
7,8,FBgn0031620 embryo
5,11,FBgn0031620 embryo
6,12,FBgn0031620 embryo
19,12,FBgn0031620 embryo
10,9,FBgn0031620 embryo
8,10,FBgn0031620 embryo
12,9,FBgn0031620 embryo
11,6,FBgn0031620 embryo
3,10,FBgn0031620 embryo
47,13,FBgn0033921 inheritance
61,8,FBgn0033921 inheritance
32,2,FBgn0033921 inheritance
25,2,FBgn0033921 inheritance
57,7,FBgn0033921 inheritance
57,9,FBgn0033921 inheritance
11,5,FBgn0033921 inheritance
53,4,FBgn0033921 inheritance
28,6,FBgn0033921 inheritance
61,10,FBgn0033921 inheritance
4,0,FBgn0033921 inheritance
37,9,FBgn0033921 inheritance
53,10,FBgn0033921 inheritance
49,10,FBgn0033921 inheritance
19,2,FBgn0033921 inheritance
47,2,FBgn0033921 inheritance
61,3,FBgn0033921 inheritance
74,8,FBgn0033921 inheritance
76,13,FBgn0033921 inheritance
66,9,FBgn0033921 inheritance
11,1,FBgn0033921 inheritance
4,22,FBgn0033921 Gresistance
3,33,FBgn0033921 Gresistance
2,15,FBgn0033921 Gresistance
2,14,FBgn0033921 Gresistance
6,19,FBgn0033921 Gresistance
3,31,FBgn0033921 Gresistance
0,1,FBgn0033921 Gresistance
2,25,FBgn0033921 Gresistance
2,10,FBgn0033921 Gresistance
7,31,FBgn0033921 Gresistance
0,0,FBgn0033921 Gresistance
4,21,FBgn0033921 Gresistance
7,32,FBgn0033921 Gresistance
4,23,FBgn0033921 Gresistance
0,7,FBgn0033921 Gresistance
0,23,FBgn0033921 Gresistance
1,30,FBgn0033921 Gresistance
4,34,FBgn0033921 Gresistance
5,46,FBgn0033921 Gresistance
6,37,FBgn0033921 Gresistance
0,5,FBgn0033921 Gresistance
9,4,FBgn0033921 embryo
12,1,FBgn0033921 embryo
7,1,FBgn0033921 embryo
1,1,FBgn0033921 embryo
15,1,FBgn0033921 embryo
14,0,FBgn0033921 embryo
5,1,FBgn0033921 embryo
10,5,FBgn0033921 embryo
4,4,FBgn0033921 embryo
16,0,FBgn0033921 embryo
3,0,FBgn0033921 embryo
5,1,FBgn0033921 embryo
9,2,FBgn0033921 embryo
8,0,FBgn0033921 embryo
6,0,FBgn0033921 embryo
15,1,FBgn0033921 embryo
7,1,FBgn0033921 embryo
20,0,FBgn0033921 embryo
15,2,FBgn0033921 embryo
11,3,FBgn0033921 embryo
2,0,FBgn0033921 embryo
64,34,FBgn0033979 inheritance
65,51,FBgn0033979 inheritance
51,34,FBgn0033979 inheritance
45,34,FBgn0033979 inheritance
61,40,FBgn0033979 inheritance
58,46,FBgn0033979 inheritance
48,29,FBgn0033979 inheritance
61,44,FBgn0033979 inheritance
33,23,FBgn0033979 inheritance
47,24,FBgn0033979 inheritance
42,36,FBgn0033979 inheritance
20,10,FBgn0033979 inheritance
27,19,FBgn0033979 inheritance
48,40,FBgn0033979 inheritance
25,11,FBgn0033979 inheritance
33,18,FBgn0033979 inheritance
60,47,FBgn0033979 inheritance
39,25,FBgn0033979 inheritance
48,37,FBgn0033979 inheritance
56,28,FBgn0033979 inheritance
70,38,FBgn0033979 inheritance
79,27,FBgn0033979 inheritance
33,24,FBgn0033979 inheritance
59,31,FBgn0033979 inheritance
45,27,FBgn0033979 inheritance
57,23,FBgn0033979 inheritance
66,26,FBgn0033979 inheritance
54,43,FBgn0033979 inheritance
82,42,FBgn0033979 inheritance
18,32,FBgn0033979 Gresistance
25,34,FBgn0033979 Gresistance
12,31,FBgn0033979 Gresistance
14,20,FBgn0033979 Gresistance
19,34,FBgn0033979 Gresistance
17,33,FBgn0033979 Gresistance
17,29,FBgn0033979 Gresistance
21,36,FBgn0033979 Gresistance
12,23,FBgn0033979 Gresistance
12,30,FBgn0033979 Gresistance
17,31,FBgn0033979 Gresistance
6,15,FBgn0033979 Gresistance
9,14,FBgn0033979 Gresistance
20,26,FBgn0033979 Gresistance
7,12,FBgn0033979 Gresistance
7,18,FBgn0033979 Gresistance
18,34,FBgn0033979 Gresistance
10,30,FBgn0033979 Gresistance
17,25,FBgn0033979 Gresistance
15,30,FBgn0033979 Gresistance
20,40,FBgn0033979 Gresistance
11,53,FBgn0033979 Gresistance
8,19,FBgn0033979 Gresistance
19,43,FBgn0033979 Gresistance
13,23,FBgn0033979 Gresistance
14,34,FBgn0033979 Gresistance
10,40,FBgn0033979 Gresistance
24,23,FBgn0033979 Gresistance
16,43,FBgn0033979 Gresistance
12,1,FBgn0033979 embryo
13,2,FBgn0033979 embryo
6,2,FBgn0033979 embryo
7,0,FBgn0033979 embryo
14,2,FBgn0033979 embryo
13,2,FBgn0033979 embryo
11,1,FBgn0033979 embryo
5,8,FBgn0033979 embryo
6,0,FBgn0033979 embryo
6,2,FBgn0033979 embryo
9,0,FBgn0033979 embryo
2,1,FBgn0033979 embryo
5,3,FBgn0033979 embryo
11,2,FBgn0033979 embryo
5,1,FBgn0033979 embryo
6,5,FBgn0033979 embryo
6,10,FBgn0033979 embryo
3,3,FBgn0033979 embryo
6,4,FBgn0033979 embryo
11,3,FBgn0033979 embryo
4,7,FBgn0033979 embryo
16,0,FBgn0033979 embryo
3,1,FBgn0033979 embryo
7,1,FBgn0033979 embryo
6,0,FBgn0033979 embryo
10,5,FBgn0033979 embryo
12,1,FBgn0033979 embryo
5,2,FBgn0033979 embryo
16,5,FBgn0033979 embryo
11,6,FBgn0034724 inheritance
53,25,FBgn0034724 inheritance
16,11,FBgn0034724 inheritance
16,10,FBgn0034724 inheritance
5,4,FBgn0034724 inheritance
13,11,FBgn0034724 inheritance
14,8,FBgn0034724 inheritance
9,5,FBgn0034724 inheritance
4,1,FBgn0034724 inheritance
6,7,FBgn0034724 inheritance
11,9,FBgn0034724 inheritance
9,3,FBgn0034724 inheritance
23,17,FBgn0034724 inheritance
10,3,FBgn0034724 inheritance
27,14,FBgn0034724 inheritance
24,11,FBgn0034724 inheritance
16,13,FBgn0034724 inheritance
32,11,FBgn0034724 inheritance
18,16,FBgn0034724 inheritance
36,18,FBgn0034724 inheritance
13,4,FBgn0034724 inheritance
34,10,FBgn0034724 inheritance
7,0,FBgn0034724 inheritance
22,17,FBgn0034724 inheritance
11,3,FBgn0034724 inheritance
15,7,FBgn0034724 inheritance
14,17,FBgn0034724 inheritance
7,9,FBgn0034724 inheritance
12,12,FBgn0034724 inheritance
1,2,FBgn0034724 inheritance
0,2,FBgn0034724 Gresistance
1,32,FBgn0034724 Gresistance
0,11,FBgn0034724 Gresistance
1,11,FBgn0034724 Gresistance
0,4,FBgn0034724 Gresistance
0,9,FBgn0034724 Gresistance
3,1,FBgn0034724 Gresistance
0,4,FBgn0034724 Gresistance
0,0,FBgn0034724 Gresistance
0,1,FBgn0034724 Gresistance
0,6,FBgn0034724 Gresistance
0,0,FBgn0034724 Gresistance
0,14,FBgn0034724 Gresistance
0,2,FBgn0034724 Gresistance
0,10,FBgn0034724 Gresistance
1,12,FBgn0034724 Gresistance
2,18,FBgn0034724 Gresistance
0,12,FBgn0034724 Gresistance
1,5,FBgn0034724 Gresistance
1,18,FBgn0034724 Gresistance
0,1,FBgn0034724 Gresistance
0,13,FBgn0034724 Gresistance
0,0,FBgn0034724 Gresistance
1,14,FBgn0034724 Gresistance
0,4,FBgn0034724 Gresistance
1,3,FBgn0034724 Gresistance
1,14,FBgn0034724 Gresistance
1,6,FBgn0034724 Gresistance
2,11,FBgn0034724 Gresistance
0,0,FBgn0034724 Gresistance
53,6,FBgn0034837 inheritance
133,18,FBgn0034837 inheritance
61,5,FBgn0034837 inheritance
80,1,FBgn0034837 inheritance
82,10,FBgn0034837 inheritance
73,12,FBgn0034837 inheritance
18,0,FBgn0034837 inheritance
53,4,FBgn0034837 inheritance
10,4,FBgn0034837 inheritance
58,12,FBgn0034837 inheritance
94,9,FBgn0034837 inheritance
49,12,FBgn0034837 inheritance
76,13,FBgn0034837 inheritance
68,4,FBgn0034837 inheritance
76,0,FBgn0034837 inheritance
37,16,FBgn0034837 inheritance
17,2,FBgn0034837 inheritance
44,1,FBgn0034837 inheritance
80,9,FBgn0034837 inheritance
19,1,FBgn0034837 inheritance
72,15,FBgn0034837 inheritance
39,1,FBgn0034837 inheritance
64,3,FBgn0034837 inheritance
37,2,FBgn0034837 inheritance
31,3,FBgn0034837 inheritance
82,11,FBgn0034837 inheritance
111,17,FBgn0034837 inheritance
72,19,FBgn0034837 inheritance
121,12,FBgn0034837 inheritance
13,2,FBgn0034837 inheritance
80,12,FBgn0034837 inheritance
94,9,FBgn0034837 inheritance
73,12,FBgn0034837 inheritance
31,8,FBgn0034837 inheritance
2,26,FBgn0034837 Gresistance
9,67,FBgn0034837 Gresistance
2,35,FBgn0034837 Gresistance
1,27,FBgn0034837 Gresistance
6,43,FBgn0034837 Gresistance
7,35,FBgn0034837 Gresistance
0,12,FBgn0034837 Gresistance
1,25,FBgn0034837 Gresistance
3,6,FBgn0034837 Gresistance
6,24,FBgn0034837 Gresistance
3,47,FBgn0034837 Gresistance
6,25,FBgn0034837 Gresistance
6,36,FBgn0034837 Gresistance
1,36,FBgn0034837 Gresistance
0,40,FBgn0034837 Gresistance
8,18,FBgn0034837 Gresistance
0,5,FBgn0034837 Gresistance
0,19,FBgn0034837 Gresistance
5,44,FBgn0034837 Gresistance
0,9,FBgn0034837 Gresistance
5,39,FBgn0034837 Gresistance
0,20,FBgn0034837 Gresistance
1,35,FBgn0034837 Gresistance
0,11,FBgn0034837 Gresistance
1,12,FBgn0034837 Gresistance
4,45,FBgn0034837 Gresistance
10,62,FBgn0034837 Gresistance
8,40,FBgn0034837 Gresistance
3,62,FBgn0034837 Gresistance
1,6,FBgn0034837 Gresistance
8,42,FBgn0034837 Gresistance
1,53,FBgn0034837 Gresistance
6,37,FBgn0034837 Gresistance
6,17,FBgn0034837 Gresistance
13,2,FBgn0034837 embryo
35,0,FBgn0034837 embryo
12,1,FBgn0034837 embryo
24,1,FBgn0034837 embryo
7,11,FBgn0034837 embryo
18,3,FBgn0034837 embryo
3,0,FBgn0034837 embryo
5,6,FBgn0034837 embryo
0,1,FBgn0034837 embryo
15,0,FBgn0034837 embryo
25,3,FBgn0034837 embryo
12,1,FBgn0034837 embryo
15,2,FBgn0034837 embryo
15,0,FBgn0034837 embryo
18,0,FBgn0034837 embryo
9,4,FBgn0034837 embryo
5,0,FBgn0034837 embryo
7,9,FBgn0034837 embryo
9,6,FBgn0034837 embryo
2,1,FBgn0034837 embryo
19,0,FBgn0034837 embryo
6,1,FBgn0034837 embryo
13,3,FBgn0034837 embryo
10,2,FBgn0034837 embryo
9,3,FBgn0034837 embryo
19,1,FBgn0034837 embryo
20,2,FBgn0034837 embryo
12,2,FBgn0034837 embryo
27,2,FBgn0034837 embryo
3,0,FBgn0034837 embryo
21,0,FBgn0034837 embryo
24,1,FBgn0034837 embryo
11,4,FBgn0034837 embryo
5,0,FBgn0034837 embryo
87,9,FBgn0034998 inheritance
124,16,FBgn0034998 inheritance
72,18,FBgn0034998 inheritance
52,26,FBgn0034998 inheritance
48,10,FBgn0034998 inheritance
54,17,FBgn0034998 inheritance
33,8,FBgn0034998 inheritance
78,21,FBgn0034998 inheritance
64,23,FBgn0034998 inheritance
48,25,FBgn0034998 inheritance
15,1,FBgn0034998 inheritance
68,20,FBgn0034998 inheritance
13,4,FBgn0034998 inheritance
75,39,FBgn0034998 inheritance
47,13,FBgn0034998 inheritance
29,14,FBgn0034998 inheritance
60,19,FBgn0034998 inheritance
65,19,FBgn0034998 inheritance
65,25,FBgn0034998 inheritance
96,22,FBgn0034998 inheritance
36,19,FBgn0034998 inheritance
98,15,FBgn0034998 inheritance
65,16,FBgn0034998 inheritance
14,9,FBgn0034998 inheritance
1,43,FBgn0034998 Gresistance
8,64,FBgn0034998 Gresistance
9,39,FBgn0034998 Gresistance
7,32,FBgn0034998 Gresistance
2,27,FBgn0034998 Gresistance
7,28,FBgn0034998 Gresistance
0,12,FBgn0034998 Gresistance
6,31,FBgn0034998 Gresistance
4,39,FBgn0034998 Gresistance
7,28,FBgn0034998 Gresistance
1,8,FBgn0034998 Gresistance
6,40,FBgn0034998 Gresistance
2,7,FBgn0034998 Gresistance
12,38,FBgn0034998 Gresistance
2,24,FBgn0034998 Gresistance
2,11,FBgn0034998 Gresistance
7,30,FBgn0034998 Gresistance
7,31,FBgn0034998 Gresistance
4,39,FBgn0034998 Gresistance
5,50,FBgn0034998 Gresistance
4,21,FBgn0034998 Gresistance
2,49,FBgn0034998 Gresistance
4,42,FBgn0034998 Gresistance
3,4,FBgn0034998 Gresistance
17,10,FBgn0035861 inheritance
26,20,FBgn0035861 inheritance
35,22,FBgn0035861 inheritance
73,42,FBgn0035861 inheritance
31,8,FBgn0035861 inheritance
84,46,FBgn0035861 inheritance
68,51,FBgn0035861 inheritance
68,33,FBgn0035861 inheritance
78,46,FBgn0035861 inheritance
68,61,FBgn0035861 inheritance
13,10,FBgn0035861 inheritance
35,37,FBgn0035861 inheritance
61,42,FBgn0035861 inheritance
46,46,FBgn0035861 inheritance
37,27,FBgn0035861 inheritance
38,28,FBgn0035861 inheritance
47,22,FBgn0035861 inheritance
17,11,FBgn0035861 inheritance
12,9,FBgn0035861 inheritance
39,19,FBgn0035861 inheritance
43,42,FBgn0035861 inheritance
0,16,FBgn0035861 Gresistance
0,14,FBgn0035861 Gresistance
2,27,FBgn0035861 Gresistance
2,60,FBgn0035861 Gresistance
3,16,FBgn0035861 Gresistance
2,71,FBgn0035861 Gresistance
3,56,FBgn0035861 Gresistance
0,43,FBgn0035861 Gresistance
5,58,FBgn0035861 Gresistance
0,61,FBgn0035861 Gresistance
0,10,FBgn0035861 Gresistance
0,34,FBgn0035861 Gresistance
1,44,FBgn0035861 Gresistance
0,44,FBgn0035861 Gresistance
0,31,FBgn0035861 Gresistance
2,29,FBgn0035861 Gresistance
3,30,FBgn0035861 Gresistance
0,21,FBgn0035861 Gresistance
2,8,FBgn0035861 Gresistance
0,18,FBgn0035861 Gresistance
1,41,FBgn0035861 Gresistance
62,41,FBgn0036654 inheritance
19,22,FBgn0036654 inheritance
13,7,FBgn0036654 inheritance
54,43,FBgn0036654 inheritance
20,18,FBgn0036654 inheritance
38,31,FBgn0036654 inheritance
35,18,FBgn0036654 inheritance
36,21,FBgn0036654 inheritance
10,7,FBgn0036654 inheritance
65,56,FBgn0036654 inheritance
60,28,FBgn0036654 inheritance
14,13,FBgn0036654 inheritance
15,18,FBgn0036654 inheritance
34,27,FBgn0036654 inheritance
32,32,FBgn0036654 inheritance
63,53,FBgn0036654 inheritance
26,26,FBgn0036654 inheritance
11,12,FBgn0036654 inheritance
59,32,FBgn0036654 inheritance
58,41,FBgn0036654 inheritance
50,48,FBgn0036654 inheritance
0,49,FBgn0036654 Gresistance
0,17,FBgn0036654 Gresistance
0,11,FBgn0036654 Gresistance
3,49,FBgn0036654 Gresistance
0,17,FBgn0036654 Gresistance
0,33,FBgn0036654 Gresistance
0,29,FBgn0036654 Gresistance
0,25,FBgn0036654 Gresistance
0,3,FBgn0036654 Gresistance
3,52,FBgn0036654 Gresistance
0,36,FBgn0036654 Gresistance
0,5,FBgn0036654 Gresistance
0,8,FBgn0036654 Gresistance
1,25,FBgn0036654 Gresistance
0,24,FBgn0036654 Gresistance
4,52,FBgn0036654 Gresistance
0,13,FBgn0036654 Gresistance
0,1,FBgn0036654 Gresistance
0,42,FBgn0036654 Gresistance
0,42,FBgn0036654 Gresistance
0,52,FBgn0036654 Gresistance
56,9,FBgn0036809 inheritance
43,3,FBgn0036809 inheritance
54,5,FBgn0036809 inheritance
70,2,FBgn0036809 inheritance
53,1,FBgn0036809 inheritance
62,9,FBgn0036809 inheritance
39,12,FBgn0036809 inheritance
24,4,FBgn0036809 inheritance
48,11,FBgn0036809 inheritance
10,5,FBgn0036809 inheritance
52,8,FBgn0036809 inheritance
17,1,FBgn0036809 inheritance
19,4,FBgn0036809 inheritance
46,6,FBgn0036809 inheritance
5,1,FBgn0036809 inheritance
33,2,FBgn0036809 inheritance
36,7,FBgn0036809 inheritance
68,9,FBgn0036809 inheritance
60,1,FBgn0036809 inheritance
69,1,FBgn0036809 inheritance
77,6,FBgn0036809 inheritance
60,8,FBgn0036809 inheritance
31,10,FBgn0036809 inheritance
43,0,FBgn0036809 inheritance
45,20,FBgn0036809 inheritance
19,3,FBgn0036809 inheritance
33,16,FBgn0036809 inheritance
46,11,FBgn0036809 inheritance
17,6,FBgn0036809 inheritance
34,6,FBgn0036809 inheritance
53,6,FBgn0036809 inheritance
69,8,FBgn0036809 inheritance
31,3,FBgn0036809 inheritance
4,31,FBgn0036809 Gresistance
1,19,FBgn0036809 Gresistance
3,30,FBgn0036809 Gresistance
0,39,FBgn0036809 Gresistance
0,25,FBgn0036809 Gresistance
2,32,FBgn0036809 Gresistance
5,21,FBgn0036809 Gresistance
3,5,FBgn0036809 Gresistance
3,18,FBgn0036809 Gresistance
1,0,FBgn0036809 Gresistance
3,26,FBgn0036809 Gresistance
0,4,FBgn0036809 Gresistance
0,11,FBgn0036809 Gresistance
1,27,FBgn0036809 Gresistance
0,0,FBgn0036809 Gresistance
0,13,FBgn0036809 Gresistance
4,18,FBgn0036809 Gresistance
6,34,FBgn0036809 Gresistance
0,34,FBgn0036809 Gresistance
1,37,FBgn0036809 Gresistance
3,46,FBgn0036809 Gresistance
4,36,FBgn0036809 Gresistance
4,10,FBgn0036809 Gresistance
0,14,FBgn0036809 Gresistance
12,26,FBgn0036809 Gresistance
1,11,FBgn0036809 Gresistance
7,14,FBgn0036809 Gresistance
4,20,FBgn0036809 Gresistance
1,8,FBgn0036809 Gresistance
2,16,FBgn0036809 Gresistance
3,21,FBgn0036809 Gresistance
0,32,FBgn0036809 Gresistance
0,11,FBgn0036809 Gresistance
15,2,FBgn0036809 embryo
10,1,FBgn0036809 embryo
10,1,FBgn0036809 embryo
16,0,FBgn0036809 embryo
16,3,FBgn0036809 embryo
11,3,FBgn0036809 embryo
10,1,FBgn0036809 embryo
13,0,FBgn0036809 embryo
20,0,FBgn0036809 embryo
5,1,FBgn0036809 embryo
12,0,FBgn0036809 embryo
5,0,FBgn0036809 embryo
5,0,FBgn0036809 embryo
10,0,FBgn0036809 embryo
1,0,FBgn0036809 embryo
11,1,FBgn0036809 embryo
6,2,FBgn0036809 embryo
11,1,FBgn0036809 embryo
12,2,FBgn0036809 embryo
20,1,FBgn0036809 embryo
13,0,FBgn0036809 embryo
12,0,FBgn0036809 embryo
9,1,FBgn0036809 embryo
13,1,FBgn0036809 embryo
9,0,FBgn0036809 embryo
2,0,FBgn0036809 embryo
7,1,FBgn0036809 embryo
13,1,FBgn0036809 embryo
6,1,FBgn0036809 embryo
10,2,FBgn0036809 embryo
16,1,FBgn0036809 embryo
17,0,FBgn0036809 embryo
8,0,FBgn0036809 embryo
33,25,FBgn0037296 inheritance
55,41,FBgn0037296 inheritance
51,46,FBgn0037296 inheritance
55,50,FBgn0037296 inheritance
4,1,FBgn0037296 inheritance
26,22,FBgn0037296 inheritance
30,37,FBgn0037296 inheritance
33,57,FBgn0037296 inheritance
10,19,FBgn0037296 inheritance
16,6,FBgn0037296 inheritance
13,12,FBgn0037296 inheritance
38,43,FBgn0037296 inheritance
35,33,FBgn0037296 inheritance
30,34,FBgn0037296 inheritance
39,48,FBgn0037296 inheritance
57,66,FBgn0037296 inheritance
19,15,FBgn0037296 inheritance
23,22,FBgn0037296 inheritance
39,26,FBgn0037296 inheritance
23,31,FBgn0037296 inheritance
67,66,FBgn0037296 inheritance
2,3,FBgn0037296 inheritance
41,49,FBgn0037296 inheritance
19,36,FBgn0037296 inheritance
46,51,FBgn0037296 inheritance
12,11,FBgn0037296 inheritance
10,10,FBgn0037296 inheritance
17,29,FBgn0037296 inheritance
63,55,FBgn0037296 inheritance
49,49,FBgn0037296 inheritance
22,25,FBgn0037296 inheritance
62,60,FBgn0037296 inheritance
56,46,FBgn0037296 inheritance
0,23,FBgn0037296 Gresistance
0,43,FBgn0037296 Gresistance
1,35,FBgn0037296 Gresistance
0,51,FBgn0037296 Gresistance
0,3,FBgn0037296 Gresistance
0,18,FBgn0037296 Gresistance
0,21,FBgn0037296 Gresistance
0,37,FBgn0037296 Gresistance
0,10,FBgn0037296 Gresistance
0,14,FBgn0037296 Gresistance
0,5,FBgn0037296 Gresistance
0,22,FBgn0037296 Gresistance
0,26,FBgn0037296 Gresistance
0,18,FBgn0037296 Gresistance
0,32,FBgn0037296 Gresistance
0,65,FBgn0037296 Gresistance
0,5,FBgn0037296 Gresistance
0,11,FBgn0037296 Gresistance
0,27,FBgn0037296 Gresistance
0,14,FBgn0037296 Gresistance
0,63,FBgn0037296 Gresistance
0,0,FBgn0037296 Gresistance
0,38,FBgn0037296 Gresistance
0,15,FBgn0037296 Gresistance
0,35,FBgn0037296 Gresistance
0,7,FBgn0037296 Gresistance
0,3,FBgn0037296 Gresistance
0,6,FBgn0037296 Gresistance
1,51,FBgn0037296 Gresistance
0,39,FBgn0037296 Gresistance
0,5,FBgn0037296 Gresistance
0,53,FBgn0037296 Gresistance
0,39,FBgn0037296 Gresistance
56,9,FBgn0038204 inheritance
43,10,FBgn0038204 inheritance
90,15,FBgn0038204 inheritance
21,11,FBgn0038204 inheritance
23,5,FBgn0038204 inheritance
55,19,FBgn0038204 inheritance
62,14,FBgn0038204 inheritance
55,10,FBgn0038204 inheritance
41,13,FBgn0038204 inheritance
72,19,FBgn0038204 inheritance
32,9,FBgn0038204 inheritance
29,2,FBgn0038204 inheritance
75,21,FBgn0038204 inheritance
29,4,FBgn0038204 inheritance
26,8,FBgn0038204 inheritance
61,8,FBgn0038204 inheritance
30,6,FBgn0038204 inheritance
19,4,FBgn0038204 inheritance
34,9,FBgn0038204 inheritance
13,4,FBgn0038204 inheritance
99,19,FBgn0038204 inheritance
55,20,FBgn0038204 inheritance
61,26,FBgn0038204 inheritance
53,19,FBgn0038204 inheritance
75,21,FBgn0038204 inheritance
73,21,FBgn0038204 inheritance
9,1,FBgn0038204 inheritance
16,6,FBgn0038204 inheritance
33,10,FBgn0038204 inheritance
72,32,FBgn0038204 inheritance
51,21,FBgn0038204 inheritance
30,15,FBgn0038204 inheritance
94,25,FBgn0038204 inheritance
16,9,FBgn0038204 inheritance
29,4,FBgn0038204 inheritance
64,10,FBgn0038204 inheritance
3,27,FBgn0038204 Gresistance
4,18,FBgn0038204 Gresistance
6,43,FBgn0038204 Gresistance
0,15,FBgn0038204 Gresistance
1,12,FBgn0038204 Gresistance
6,33,FBgn0038204 Gresistance
5,38,FBgn0038204 Gresistance
1,23,FBgn0038204 Gresistance
2,17,FBgn0038204 Gresistance
4,42,FBgn0038204 Gresistance
1,20,FBgn0038204 Gresistance
0,16,FBgn0038204 Gresistance
6,37,FBgn0038204 Gresistance
1,16,FBgn0038204 Gresistance
4,14,FBgn0038204 Gresistance
0,28,FBgn0038204 Gresistance
2,13,FBgn0038204 Gresistance
2,9,FBgn0038204 Gresistance
2,19,FBgn0038204 Gresistance
2,6,FBgn0038204 Gresistance
3,52,FBgn0038204 Gresistance
5,32,FBgn0038204 Gresistance
4,27,FBgn0038204 Gresistance
3,31,FBgn0038204 Gresistance
6,38,FBgn0038204 Gresistance
4,44,FBgn0038204 Gresistance
0,3,FBgn0038204 Gresistance
2,10,FBgn0038204 Gresistance
2,11,FBgn0038204 Gresistance
5,40,FBgn0038204 Gresistance
3,24,FBgn0038204 Gresistance
4,12,FBgn0038204 Gresistance
7,50,FBgn0038204 Gresistance
1,5,FBgn0038204 Gresistance
1,8,FBgn0038204 Gresistance
4,24,FBgn0038204 Gresistance
3,10,FBgn0038204 embryo
0,13,FBgn0038204 embryo
0,25,FBgn0038204 embryo
0,7,FBgn0038204 embryo
0,7,FBgn0038204 embryo
0,18,FBgn0038204 embryo
0,14,FBgn0038204 embryo
0,20,FBgn0038204 embryo
0,12,FBgn0038204 embryo
0,24,FBgn0038204 embryo
0,8,FBgn0038204 embryo
0,7,FBgn0038204 embryo
0,17,FBgn0038204 embryo
0,6,FBgn0038204 embryo
0,4,FBgn0038204 embryo
0,21,FBgn0038204 embryo
0,6,FBgn0038204 embryo
0,4,FBgn0038204 embryo
0,7,FBgn0038204 embryo
0,5,FBgn0038204 embryo
0,29,FBgn0038204 embryo
0,13,FBgn0038204 embryo
0,19,FBgn0038204 embryo
0,18,FBgn0038204 embryo
0,21,FBgn0038204 embryo
0,16,FBgn0038204 embryo
0,2,FBgn0038204 embryo
0,3,FBgn0038204 embryo
0,10,FBgn0038204 embryo
0,26,FBgn0038204 embryo
0,17,FBgn0038204 embryo
0,13,FBgn0038204 embryo
0,23,FBgn0038204 embryo
0,13,FBgn0038204 embryo
0,9,FBgn0038204 embryo
0,24,FBgn0038204 embryo
65,9,FBgn0039585 inheritance
75,13,FBgn0039585 inheritance
66,3,FBgn0039585 inheritance
22,1,FBgn0039585 inheritance
25,5,FBgn0039585 inheritance
66,14,FBgn0039585 inheritance
11,6,FBgn0039585 inheritance
33,2,FBgn0039585 inheritance
39,20,FBgn0039585 inheritance
70,9,FBgn0039585 inheritance
53,14,FBgn0039585 inheritance
62,10,FBgn0039585 inheritance
18,3,FBgn0039585 inheritance
44,7,FBgn0039585 inheritance
33,7,FBgn0039585 inheritance
33,11,FBgn0039585 inheritance
24,3,FBgn0039585 inheritance
12,3,FBgn0039585 inheritance
76,11,FBgn0039585 inheritance
34,6,FBgn0039585 inheritance
124,22,FBgn0039585 inheritance
65,6,FBgn0039585 inheritance
28,2,FBgn0039585 inheritance
85,11,FBgn0039585 inheritance
41,7,FBgn0039585 inheritance
86,10,FBgn0039585 inheritance
26,6,FBgn0039585 inheritance
23,4,FBgn0039585 inheritance
29,4,FBgn0039585 inheritance
55,6,FBgn0039585 inheritance
11,1,FBgn0039585 inheritance
3,27,FBgn0039585 Gresistance
4,38,FBgn0039585 Gresistance
0,28,FBgn0039585 Gresistance
0,13,FBgn0039585 Gresistance
1,18,FBgn0039585 Gresistance
6,34,FBgn0039585 Gresistance
4,7,FBgn0039585 Gresistance
1,16,FBgn0039585 Gresistance
5,19,FBgn0039585 Gresistance
2,35,FBgn0039585 Gresistance
7,25,FBgn0039585 Gresistance
5,32,FBgn0039585 Gresistance
1,3,FBgn0039585 Gresistance
4,18,FBgn0039585 Gresistance
2,17,FBgn0039585 Gresistance
4,14,FBgn0039585 Gresistance
2,9,FBgn0039585 Gresistance
1,9,FBgn0039585 Gresistance
4,37,FBgn0039585 Gresistance
0,21,FBgn0039585 Gresistance
10,68,FBgn0039585 Gresistance
2,19,FBgn0039585 Gresistance
1,6,FBgn0039585 Gresistance
4,44,FBgn0039585 Gresistance
2,19,FBgn0039585 Gresistance
3,43,FBgn0039585 Gresistance
1,10,FBgn0039585 Gresistance
4,10,FBgn0039585 Gresistance
0,18,FBgn0039585 Gresistance
1,32,FBgn0039585 Gresistance
0,1,FBgn0039585 Gresistance
13,0,FBgn0039585 embryo
17,1,FBgn0039585 embryo
21,0,FBgn0039585 embryo
7,0,FBgn0039585 embryo
1,0,FBgn0039585 embryo
16,1,FBgn0039585 embryo
2,0,FBgn0039585 embryo
9,0,FBgn0039585 embryo
16,0,FBgn0039585 embryo
19,3,FBgn0039585 embryo
12,0,FBgn0039585 embryo
14,1,FBgn0039585 embryo
7,0,FBgn0039585 embryo
14,1,FBgn0039585 embryo
4,0,FBgn0039585 embryo
7,0,FBgn0039585 embryo
5,1,FBgn0039585 embryo
2,0,FBgn0039585 embryo
17,1,FBgn0039585 embryo
8,0,FBgn0039585 embryo
29,2,FBgn0039585 embryo
22,1,FBgn0039585 embryo
12,0,FBgn0039585 embryo
16,1,FBgn0039585 embryo
7,0,FBgn0039585 embryo
20,3,FBgn0039585 embryo
6,0,FBgn0039585 embryo
9,0,FBgn0039585 embryo
3,0,FBgn0039585 embryo
12,1,FBgn0039585 embryo
6,0,FBgn0039585 embryo
89,15,FBgn0051477 inheritance
114,16,FBgn0051477 inheritance
72,8,FBgn0051477 inheritance
25,4,FBgn0051477 inheritance
87,16,FBgn0051477 inheritance
23,4,FBgn0051477 inheritance
31,4,FBgn0051477 inheritance
24,3,FBgn0051477 inheritance
30,1,FBgn0051477 inheritance
59,11,FBgn0051477 inheritance
52,14,FBgn0051477 inheritance
63,26,FBgn0051477 inheritance
95,13,FBgn0051477 inheritance
93,16,FBgn0051477 inheritance
68,8,FBgn0051477 inheritance
17,4,FBgn0051477 inheritance
88,10,FBgn0051477 inheritance
10,0,FBgn0051477 inheritance
29,3,FBgn0051477 inheritance
34,6,FBgn0051477 inheritance
7,1,FBgn0051477 inheritance
12,1,FBgn0051477 inheritance
49,21,FBgn0051477 inheritance
99,13,FBgn0051477 inheritance
33,21,FBgn0051477 inheritance
82,3,FBgn0051477 inheritance
73,21,FBgn0051477 inheritance
51,21,FBgn0051477 inheritance
48,12,FBgn0051477 inheritance
41,12,FBgn0051477 inheritance
20,1,FBgn0051477 inheritance
49,14,FBgn0051477 inheritance
26,4,FBgn0051477 inheritance
36,13,FBgn0051477 inheritance
26,4,FBgn0051477 inheritance
22,4,FBgn0051477 inheritance
67,16,FBgn0051477 inheritance
61,11,FBgn0051477 inheritance
85,24,FBgn0051477 inheritance
6,44,FBgn0051477 Gresistance
6,54,FBgn0051477 Gresistance
4,38,FBgn0051477 Gresistance
1,11,FBgn0051477 Gresistance
3,39,FBgn0051477 Gresistance
4,10,FBgn0051477 Gresistance
2,19,FBgn0051477 Gresistance
2,12,FBgn0051477 Gresistance
0,12,FBgn0051477 Gresistance
5,32,FBgn0051477 Gresistance
7,34,FBgn0051477 Gresistance
9,28,FBgn0051477 Gresistance
8,48,FBgn0051477 Gresistance
11,48,FBgn0051477 Gresistance
3,35,FBgn0051477 Gresistance
2,13,FBgn0051477 Gresistance
6,47,FBgn0051477 Gresistance
0,7,FBgn0051477 Gresistance
1,20,FBgn0051477 Gresistance
1,18,FBgn0051477 Gresistance
0,3,FBgn0051477 Gresistance
0,4,FBgn0051477 Gresistance
7,34,FBgn0051477 Gresistance
9,55,FBgn0051477 Gresistance
8,15,FBgn0051477 Gresistance
1,42,FBgn0051477 Gresistance
9,33,FBgn0051477 Gresistance
8,25,FBgn0051477 Gresistance
4,23,FBgn0051477 Gresistance
7,24,FBgn0051477 Gresistance
1,16,FBgn0051477 Gresistance
6,27,FBgn0051477 Gresistance
2,12,FBgn0051477 Gresistance
4,17,FBgn0051477 Gresistance
2,15,FBgn0051477 Gresistance
2,13,FBgn0051477 Gresistance
6,35,FBgn0051477 Gresistance
4,26,FBgn0051477 Gresistance
9,44,FBgn0051477 Gresistance
17,3,FBgn0051477 embryo
23,3,FBgn0051477 embryo
15,1,FBgn0051477 embryo
7,1,FBgn0051477 embryo
23,3,FBgn0051477 embryo
9,0,FBgn0051477 embryo
5,1,FBgn0051477 embryo
5,2,FBgn0051477 embryo
10,0,FBgn0051477 embryo
9,4,FBgn0051477 embryo
6,0,FBgn0051477 embryo
11,3,FBgn0051477 embryo
17,3,FBgn0051477 embryo
16,3,FBgn0051477 embryo
16,2,FBgn0051477 embryo
1,0,FBgn0051477 embryo
14,4,FBgn0051477 embryo
2,1,FBgn0051477 embryo
2,3,FBgn0051477 embryo
7,0,FBgn0051477 embryo
2,2,FBgn0051477 embryo
1,1,FBgn0051477 embryo
6,3,FBgn0051477 embryo
17,5,FBgn0051477 embryo
6,2,FBgn0051477 embryo
12,1,FBgn0051477 embryo
13,4,FBgn0051477 embryo
9,1,FBgn0051477 embryo
13,0,FBgn0051477 embryo
13,0,FBgn0051477 embryo
2,0,FBgn0051477 embryo
9,1,FBgn0051477 embryo
8,2,FBgn0051477 embryo
9,1,FBgn0051477 embryo
6,0,FBgn0051477 embryo
5,1,FBgn0051477 embryo
15,4,FBgn0051477 embryo
13,0,FBgn0051477 embryo
21,1,FBgn0051477 embryo
21,28,FBgn0052086 inheritance
33,33,FBgn0052086 inheritance
5,11,FBgn0052086 inheritance
37,42,FBgn0052086 inheritance
11,13,FBgn0052086 inheritance
20,28,FBgn0052086 inheritance
19,19,FBgn0052086 inheritance
9,11,FBgn0052086 inheritance
9,5,FBgn0052086 inheritance
17,11,FBgn0052814 inheritance
19,8,FBgn0052814 inheritance
50,37,FBgn0052814 inheritance
59,34,FBgn0052814 inheritance
39,25,FBgn0052814 inheritance
44,38,FBgn0052814 inheritance
66,38,FBgn0052814 inheritance
67,41,FBgn0052814 inheritance
33,26,FBgn0052814 inheritance
65,42,FBgn0052814 inheritance
56,34,FBgn0052814 inheritance
25,22,FBgn0052814 inheritance
25,12,FBgn0052814 inheritance
62,29,FBgn0052814 inheritance
33,20,FBgn0052814 inheritance
82,39,FBgn0052814 inheritance
59,34,FBgn0052814 inheritance
26,12,FBgn0052814 inheritance
67,49,FBgn0052814 inheritance
40,12,FBgn0052814 inheritance
84,30,FBgn0052814 inheritance
61,25,FBgn0052814 inheritance
69,34,FBgn0052814 inheritance
57,33,FBgn0052814 inheritance
43,28,FBgn0052814 inheritance
81,46,FBgn0052814 inheritance
70,48,FBgn0052814 inheritance
84,41,FBgn0052814 inheritance
63,33,FBgn0052814 inheritance
7,1,FBgn0052814 inheritance
52,28,FBgn0052814 inheritance
47,23,FBgn0052814 inheritance
66,21,FBgn0052814 inheritance
49,42,FBgn0052814 inheritance
0,15,FBgn0052814 Gresistance
1,12,FBgn0052814 Gresistance
0,32,FBgn0052814 Gresistance
2,43,FBgn0052814 Gresistance
2,29,FBgn0052814 Gresistance
0,32,FBgn0052814 Gresistance
4,48,FBgn0052814 Gresistance
3,58,FBgn0052814 Gresistance
4,23,FBgn0052814 Gresistance
3,48,FBgn0052814 Gresistance
1,36,FBgn0052814 Gresistance
0,19,FBgn0052814 Gresistance
0,13,FBgn0052814 Gresistance
1,42,FBgn0052814 Gresistance
1,16,FBgn0052814 Gresistance
4,53,FBgn0052814 Gresistance
4,45,FBgn0052814 Gresistance
2,18,FBgn0052814 Gresistance
1,58,FBgn0052814 Gresistance
1,34,FBgn0052814 Gresistance
1,48,FBgn0052814 Gresistance
2,43,FBgn0052814 Gresistance
4,49,FBgn0052814 Gresistance
2,46,FBgn0052814 Gresistance
1,41,FBgn0052814 Gresistance
4,62,FBgn0052814 Gresistance
7,62,FBgn0052814 Gresistance
1,57,FBgn0052814 Gresistance
4,38,FBgn0052814 Gresistance
0,4,FBgn0052814 Gresistance
5,29,FBgn0052814 Gresistance
3,32,FBgn0052814 Gresistance
5,44,FBgn0052814 Gresistance
5,36,FBgn0052814 Gresistance
68,7,FBgn0262101 inheritance
40,13,FBgn0262101 inheritance
49,8,FBgn0262101 inheritance
38,11,FBgn0262101 inheritance
37,13,FBgn0262101 inheritance
44,21,FBgn0262101 inheritance
58,19,FBgn0262101 inheritance
59,19,FBgn0262101 inheritance
54,15,FBgn0262101 inheritance
43,14,FBgn0262101 inheritance
51,10,FBgn0262101 inheritance
59,21,FBgn0262101 inheritance
48,13,FBgn0262101 inheritance
60,24,FBgn0262101 inheritance
53,16,FBgn0262101 inheritance
58,14,FBgn0262101 inheritance
43,20,FBgn0262101 inheritance
45,14,FBgn0262101 inheritance
44,11,FBgn0262101 inheritance
36,9,FBgn0262101 inheritance
52,18,FBgn0262101 inheritance
36,7,FBgn0262101 inheritance
49,16,FBgn0262101 inheritance
49,14,FBgn0262101 inheritance
54,21,FBgn0262101 inheritance
52,20,FBgn0262101 inheritance
50,12,FBgn0262101 inheritance
45,12,FBgn0262101 inheritance
62,13,FBgn0262101 inheritance
44,9,FBgn0262101 inheritance
40,7,FBgn0262101 inheritance
57,17,FBgn0262101 inheritance
50,19,FBgn0262101 inheritance
60,26,FBgn0262101 inheritance
58,31,FBgn0262101 inheritance
59,28,FBgn0262101 inheritance
69,18,FBgn0262101 inheritance
55,23,FBgn0262101 inheritance
68,12,FBgn0262101 inheritance
42,14,FBgn0262101 inheritance
44,26,FBgn0262101 inheritance
79,8,FBgn0262101 inheritance
52,11,FBgn0262101 inheritance
62,12,FBgn0262101 inheritance
43,25,FBgn0262101 inheritance
40,22,FBgn0262101 inheritance
51,21,FBgn0262101 inheritance
42,12,FBgn0262101 inheritance
43,20,FBgn0262101 inheritance
68,11,FBgn0262101 inheritance
59,14,FBgn0262101 inheritance
34,9,FBgn0262101 inheritance
51,24,FBgn0262101 inheritance
0,34,FBgn0262101 Gresistance
6,22,FBgn0262101 Gresistance
2,26,FBgn0262101 Gresistance
3,25,FBgn0262101 Gresistance
2,21,FBgn0262101 Gresistance
6,25,FBgn0262101 Gresistance
2,41,FBgn0262101 Gresistance
3,29,FBgn0262101 Gresistance
1,27,FBgn0262101 Gresistance
2,29,FBgn0262101 Gresistance
0,26,FBgn0262101 Gresistance
9,37,FBgn0262101 Gresistance
4,19,FBgn0262101 Gresistance
6,38,FBgn0262101 Gresistance
3,25,FBgn0262101 Gresistance
3,36,FBgn0262101 Gresistance
4,28,FBgn0262101 Gresistance
3,21,FBgn0262101 Gresistance
3,24,FBgn0262101 Gresistance
3,16,FBgn0262101 Gresistance
4,28,FBgn0262101 Gresistance
4,15,FBgn0262101 Gresistance
3,24,FBgn0262101 Gresistance
2,24,FBgn0262101 Gresistance
5,40,FBgn0262101 Gresistance
2,28,FBgn0262101 Gresistance
1,24,FBgn0262101 Gresistance
2,21,FBgn0262101 Gresistance
3,32,FBgn0262101 Gresistance
3,19,FBgn0262101 Gresistance
0,21,FBgn0262101 Gresistance
4,30,FBgn0262101 Gresistance
3,29,FBgn0262101 Gresistance
5,37,FBgn0262101 Gresistance
7,42,FBgn0262101 Gresistance
10,44,FBgn0262101 Gresistance
9,47,FBgn0262101 Gresistance
2,28,FBgn0262101 Gresistance
1,40,FBgn0262101 Gresistance
3,27,FBgn0262101 Gresistance
12,24,FBgn0262101 Gresistance
2,42,FBgn0262101 Gresistance
2,26,FBgn0262101 Gresistance
2,33,FBgn0262101 Gresistance
3,30,FBgn0262101 Gresistance
8,21,FBgn0262101 Gresistance
6,27,FBgn0262101 Gresistance
3,21,FBgn0262101 Gresistance
3,18,FBgn0262101 Gresistance
3,30,FBgn0262101 Gresistance
4,25,FBgn0262101 Gresistance
1,18,FBgn0262101 Gresistance
11,30,FBgn0262101 Gresistance
0,15,FBgn0262101 embryo
1,6,FBgn0262101 embryo
1,14,FBgn0262101 embryo
0,12,FBgn0262101 embryo
0,12,FBgn0262101 embryo
0,7,FBgn0262101 embryo
3,9,FBgn0262101 embryo
1,14,FBgn0262101 embryo
0,14,FBgn0262101 embryo
1,9,FBgn0262101 embryo
1,11,FBgn0262101 embryo
1,15,FBgn0262101 embryo
0,17,FBgn0262101 embryo
0,20,FBgn0262101 embryo
0,19,FBgn0262101 embryo
0,15,FBgn0262101 embryo
0,8,FBgn0262101 embryo
0,11,FBgn0262101 embryo
0,12,FBgn0262101 embryo
0,10,FBgn0262101 embryo
2,15,FBgn0262101 embryo
0,8,FBgn0262101 embryo
2,13,FBgn0262101 embryo
0,14,FBgn0262101 embryo
0,11,FBgn0262101 embryo
0,14,FBgn0262101 embryo
1,20,FBgn0262101 embryo
0,13,FBgn0262101 embryo
1,17,FBgn0262101 embryo
0,14,FBgn0262101 embryo
0,9,FBgn0262101 embryo
0,13,FBgn0262101 embryo
0,13,FBgn0262101 embryo
0,16,FBgn0262101 embryo
0,10,FBgn0262101 embryo
0,12,FBgn0262101 embryo
0,9,FBgn0262101 embryo
0,19,FBgn0262101 embryo
0,13,FBgn0262101 embryo
2,7,FBgn0262101 embryo
0,9,FBgn0262101 embryo
1,18,FBgn0262101 embryo
0,17,FBgn0262101 embryo
9,4,FBgn0262101 embryo
0,7,FBgn0262101 embryo
8,5,FBgn0262101 embryo
1,18,FBgn0262101 embryo
0,12,FBgn0262101 embryo
0,15,FBgn0262101 embryo
2,18,FBgn0262101 embryo
0,17,FBgn0262101 embryo
1,10,FBgn0262101 embryo
0,12,FBgn0262101 embryo
18,19,FBgn0262566 inheritance
19,25,FBgn0262566 inheritance
59,64,FBgn0262566 inheritance
2,1,FBgn0262566 inheritance
64,54,FBgn0262566 inheritance
26,15,FBgn0262566 inheritance
34,21,FBgn0262566 inheritance
25,23,FBgn0262566 inheritance
26,27,FBgn0262566 inheritance
8,13,FBgn0262566 inheritance
5,7,FBgn0262566 inheritance
53,47,FBgn0262566 inheritance
19,8,FBgn0262566 inheritance
7,7,FBgn0262566 inheritance
15,21,FBgn0262566 inheritance
46,54,FBgn0262566 inheritance
48,69,FBgn0262566 inheritance
29,31,FBgn0262566 inheritance
3,3,FBgn0262566 inheritance
67,78,FBgn0262566 inheritance
2,0,FBgn0262566 inheritance
43,25,FBgn0262566 inheritance
17,16,FBgn0262566 inheritance
60,52,FBgn0262566 inheritance
25,24,FBgn0262566 inheritance
48,70,FBgn0262566 inheritance
39,38,FBgn0262566 inheritance
51,57,FBgn0262566 inheritance
24,13,FBgn0262566 inheritance
44,44,FBgn0262566 inheritance
14,20,FBgn0262566 inheritance
16,17,FBgn0262566 inheritance
13,22,FBgn0262566 inheritance
33,57,FBgn0262566 inheritance
35,36,FBgn0262566 inheritance
47,49,FBgn0262566 inheritance
0,20,FBgn0262566 Gresistance
0,22,FBgn0262566 Gresistance
0,61,FBgn0262566 Gresistance
0,1,FBgn0262566 Gresistance
0,53,FBgn0262566 Gresistance
0,11,FBgn0262566 Gresistance
0,12,FBgn0262566 Gresistance
0,11,FBgn0262566 Gresistance
0,26,FBgn0262566 Gresistance
0,14,FBgn0262566 Gresistance
2,3,FBgn0262566 Gresistance
0,47,FBgn0262566 Gresistance
0,9,FBgn0262566 Gresistance
0,8,FBgn0262566 Gresistance
0,15,FBgn0262566 Gresistance
0,58,FBgn0262566 Gresistance
0,44,FBgn0262566 Gresistance
0,35,FBgn0262566 Gresistance
0,3,FBgn0262566 Gresistance
0,70,FBgn0262566 Gresistance
0,0,FBgn0262566 Gresistance
0,26,FBgn0262566 Gresistance
0,17,FBgn0262566 Gresistance
0,57,FBgn0262566 Gresistance
0,19,FBgn0262566 Gresistance
0,42,FBgn0262566 Gresistance
0,42,FBgn0262566 Gresistance
0,56,FBgn0262566 Gresistance
0,14,FBgn0262566 Gresistance
0,41,FBgn0262566 Gresistance
0,16,FBgn0262566 Gresistance
0,17,FBgn0262566 Gresistance
0,8,FBgn0262566 Gresistance
0,46,FBgn0262566 Gresistance
0,28,FBgn0262566 Gresistance
0,46,FBgn0262566 Gresistance
49,31,FBgn0262598 inheritance
38,26,FBgn0262598 inheritance
27,22,FBgn0262598 inheritance
31,15,FBgn0262598 inheritance
34,29,FBgn0262598 inheritance
40,35,FBgn0262598 inheritance
48,28,FBgn0262598 inheritance
3,8,FBgn0262598 inheritance
6,2,FBgn0262598 inheritance
9,6,FBgn0262598 inheritance
41,32,FBgn0262598 inheritance
14,6,FBgn0262598 inheritance
13,13,FBgn0262598 inheritance
49,33,FBgn0262598 inheritance
7,4,FBgn0262598 inheritance
37,28,FBgn0262598 inheritance
40,35,FBgn0262598 inheritance
44,25,FBgn0262598 inheritance
41,25,FBgn0262598 inheritance
45,40,FBgn0262598 inheritance
43,20,FBgn0262598 inheritance
8,13,FBgn0262598 inheritance
30,22,FBgn0262598 inheritance
43,25,FBgn0262598 inheritance
31,22,FBgn0262598 inheritance
38,42,FBgn0262598 inheritance
59,27,FBgn0262598 inheritance
31,24,FBgn0262598 inheritance
0,47,FBgn0262598 Gresistance
0,22,FBgn0262598 Gresistance
1,25,FBgn0262598 Gresistance
2,20,FBgn0262598 Gresistance
2,25,FBgn0262598 Gresistance
0,33,FBgn0262598 Gresistance
6,32,FBgn0262598 Gresistance
0,2,FBgn0262598 Gresistance
0,4,FBgn0262598 Gresistance
0,6,FBgn0262598 Gresistance
0,31,FBgn0262598 Gresistance
0,11,FBgn0262598 Gresistance
0,11,FBgn0262598 Gresistance
0,39,FBgn0262598 Gresistance
0,8,FBgn0262598 Gresistance
1,36,FBgn0262598 Gresistance
1,32,FBgn0262598 Gresistance
0,28,FBgn0262598 Gresistance
0,32,FBgn0262598 Gresistance
1,43,FBgn0262598 Gresistance
1,28,FBgn0262598 Gresistance
0,4,FBgn0262598 Gresistance
1,25,FBgn0262598 Gresistance
2,24,FBgn0262598 Gresistance
4,20,FBgn0262598 Gresistance
0,34,FBgn0262598 Gresistance
1,39,FBgn0262598 Gresistance
1,32,FBgn0262598 Gresistance
